"feature","median"
"diff_L",0
"same_L",1
"same_SL",0
"samevar",0
"aa_dist",0.09
"ecto_aa_dist",0.125
"nt_dist",0.140093575358462
"ecto_nt_dist",0.14741005838786
"nogly_030",1
"gly_s_030",0
"gly_v_030",0
"nogly_032",0
"gly_s_032",0
"gly_v_032",0
"gly_both_032",0
"nogly_033",0
"gly_s_033",0
"gly_v_033",0
"gly_both_033",0
"nogly_034",1
"gly_v_034",0
"nogly_057",1
"gly_s_057",0
"gly_v_057",0
"p027_same",1
"p027_btprop",0
"p027_flex",0
"p027_hydro",0
"p027_pI",0
"p027_surf",0
"p027_s_nonpolar_v_nonpolar",0
"p028_same",1
"p028_btprop",0
"p028_flex",0
"p028_hydro",0
"p028_pI",0
"p028_surf",0
"p028_s_nonpolar_v_nonpolar",0
"p029_same",1
"p029_btprop",0
"p029_flex",0
"p029_hydro",0
"p029_pI",0
"p029_surf",0
"p029_s_nonpolar_v_nonpolar",0
"p029_s_nonpolar_v_polar",0
"p029_s_polar_v_nonpolar",0
"p032_same",0
"p032_btprop",0
"p032_charge",0
"p032_flex",0
"p032_hydro",0
"p032_pI",0
"p032_surf",0
"p032_s_acidic_v_polar",0
"p032_s_nonpolar_v_polar",0
"p032_s_polar_v_acidic",0
"p032_s_polar_v_polar",0
"p033_same",1
"p033_btprop",0
"p033_charge",0
"p033_flex",0
"p033_hydro",0
"p033_pI",0
"p033_surf",0
"p033_s_polar_v_acidic",0
"p033_s_polar_v_polar",0
"p034_same",0
"p034_btprop",0
"p034_flex",0
"p034_hydro",0
"p034_pI",0
"p034_surf",0
"p034_s_nonpolar_v_polar",0
"p034_s_polar_v_nonpolar",0
"p034_s_polar_v_polar",0
"p047_same",1
"p047_btprop",0
"p047_flex",0
"p047_hydro",0
"p047_pI",0
"p047_surf",0
"p047_s_nonpolar_v_nonpolar",0
"p054_same",1
"p054_s_acidic_v_gap",0
"p055_same",1
"p055_s_nonpolar_v_gap",0
"p056_same",1
"p056_s_nonpolar_v_gap",0
"p057_same",0
"p057_btprop",0
"p057_charge",0
"p057_flex",0
"p057_hydro",0
"p057_pI",0
"p057_surf",0
"p057_s_basic_v_polar",0
"p057_s_nonpolar_v_polar",0
"p057_s_polar_v_basic",0
"p057_s_polar_v_gap",0
"p057_s_polar_v_nonpolar",0
"p058_same",0
"p058_btprop",0
"p058_charge",0
"p058_flex",-0.004
"p058_hydro",0
"p058_pI",0.45
"p058_surf",0
"p058_s_acidic_v_acidic",0
"p058_s_acidic_v_polar",0
"p058_s_basic_v_acidic",0
"p058_s_polar_v_acidic",0
"p058_s_polar_v_basic",0
"p058_s_polar_v_polar",0
"p059_same",0
"p059_btprop",0.03
"p059_charge",0
"p059_flex",0
"p059_hydro",0
"p059_pI",0
"p059_surf",0
"p059_s_basic_v_basic",0
"p059_s_basic_v_polar",0
"p059_s_polar_v_basic",0
"p061_same",1
"p061_btprop",0
"p061_charge",0
"p061_flex",0
"p061_hydro",0
"p061_pI",0
"p061_surf",0
"p061_s_acidic_v_polar",0
"p063_same",1
"p063_btprop",0
"p063_flex",0
"p063_hydro",0
"p063_pI",0
"p063_surf",0
"p063_s_nonpolar_v_polar",0
"p064_same",1
"p064_btprop",0
"p064_flex",0
"p064_hydro",0
"p064_pI",0
"p064_surf",0
"p064_s_nonpolar_v_nonpolar",0
"p101_same",1
"p101_btprop",0
"p101_flex",0
"p101_hydro",0
"p101_pI",0
"p101_surf",0
"p101_s_nonpolar_v_polar",0
"p101_s_polar_v_nonpolar",0
"p102_same",1
"p102_btprop",0
"p102_flex",0
"p102_hydro",0
"p102_pI",0
"p102_surf",0
"p102_s_nonpolar_v_polar",0
"p102_s_polar_v_nonpolar",0
"p104_same",1
"p104_btprop",0
"p104_charge",0
"p104_flex",0
"p104_hydro",0
"p104_pI",0
"p104_surf",0
"p104_s_basic_v_nonpolar",0
"p104_s_nonpolar_v_basic",0
